variable,Site,variable_mean
NN,BP,1.2484210526315789
NN,W,0.17930232558139536
percent_sgd,BP,1.3440275751578947
percent_sgd,W,0.40132804518604653
pH,BP,8.105372554447369
pH,W,8.008697674418604
Phosphate,BP,0.1842105263157895
Phosphate,W,0.1144186046511628
Salinity,BP,34.271781930526316
Salinity,W,34.544652286046514
Silicate,BP,10.67157894736842
Silicate,W,3.106279069767442
TA,BP,2252.7459973157893
TA,W,2276.765083744186
Temp_in,BP,24.922080776578948
Temp_in,W,24.66527037372093
